use hospital;

INSERT INTO role (id, name) VALUES (1, 'ADMIN');
INSERT INTO role (id, name) VALUES (2, 'AUTHOR');
INSERT INTO role (id, name) VALUES (3, 'DOCTOR');
INSERT INTO role (id, name) VALUES (4, 'PATIENT');

INSERT INTO user (id, date_of_registration, email, first_name, last_name, password, photo, banned) VALUES
(
1,
'2019-09-17 15:58:37.612000000',
'susak.slava@gmail.com',
'Ярослав',
'Сусак',
'$2a$10$XwOBe/x7BnbdNlOLdkW7IeGTCMhjy22MXgWtMDVOONtwgvbbKvxpy',
'yaroslav_susak.jpg',
false
);

INSERT INTO user_role (user_id, role_id) VALUES (1,1);

INSERT INTO user (id, date_of_registration, email, first_name, last_name, password, photo, banned) VALUES
(
2,
'2019-09-17 15:58:37.612000000',
'melnyk.rostyslav@gmail.com',
'Ростислав',
'Мельник',
'$2a$10$TEKN31igInElgXgeRaO3neHEdtzvc40ZLU2JRd/DLeKf29btVaEnC',
'rostyslav_melnyk.jpg',
false
);

INSERT INTO user_role (user_id, role_id) VALUES (2,4);

INSERT INTO user (id, date_of_registration, email, first_name, last_name, password, photo, banned) VALUES
(
3,
'2019-09-17 15:58:37.612000000',
'oleg.vijga@gmail.com',
'Олег',
'Віжга',
'$2a$10$TEKN31igInElgXgeRaO3neHEdtzvc40ZLU2JRd/DLeKf29btVaEnC',
'oleg_vijga.jpg',
false
);

INSERT INTO user_role (user_id, role_id) VALUES (3,4);

INSERT INTO user (id, date_of_registration, email, first_name, last_name, password, photo, banned) VALUES
(
4,
'2019-09-17 15:58:37.612000000',
'ivan.tymchyshin@gmail.com',
'Іван',
'Тимчишин',
'$2a$10$TEKN31igInElgXgeRaO3neHEdtzvc40ZLU2JRd/DLeKf29btVaEnC',
'ivan_tymchyshin.jpg',
false
);

INSERT INTO user_role (user_id, role_id) VALUES (4,4);

INSERT INTO user (id, date_of_registration, email, first_name, last_name, password, photo, banned) VALUES
(
5,
'2019-09-17 15:58:37.612000000',
'ivan.yurkevich@gmail.com',
'Іван',
'Юркевич',
'$2a$10$TEKN31igInElgXgeRaO3neHEdtzvc40ZLU2JRd/DLeKf29btVaEnC',
'ivan_yurkevich.jpg',
false
);

INSERT INTO user_role (user_id, role_id) VALUES (5,4);

INSERT INTO user (id, date_of_registration, email, first_name, last_name, password, photo, banned) VALUES
(
6,
'2019-09-17 15:58:37.612000000',
'ivanka.babjuk@gmail.com',
'Іванка',
'Бабюк',
'$2a$10$TEKN31igInElgXgeRaO3neHEdtzvc40ZLU2JRd/DLeKf29btVaEnC',
'ivanka_babjuk.jpg',
false
);

INSERT INTO user_role (user_id, role_id) VALUES (6,4);

INSERT INTO user (id, date_of_registration, email, first_name, last_name, password, photo, banned) VALUES
(
7,
'2019-09-17 15:58:37.612000000',
'taras.savchuk@gmail.com',
'Тарас',
'Савчук',
'$2a$10$TEKN31igInElgXgeRaO3neHEdtzvc40ZLU2JRd/DLeKf29btVaEnC',
'taras_savchuk.jpg',
false
);

INSERT INTO user_role (user_id, role_id) VALUES (7,4);

INSERT INTO user (id, date_of_registration, email, first_name, last_name, password, photo, banned) VALUES
(
8,
'2019-09-17 15:58:37.612000000',
'ivan.savkiv@gmail.com',
'Іван',
'Савків',
'$2a$10$TEKN31igInElgXgeRaO3neHEdtzvc40ZLU2JRd/DLeKf29btVaEnC',
'ivan_savkiv.jpg',
false
);

INSERT INTO user_role (user_id, role_id) VALUES (8,4);

INSERT INTO user (id, date_of_registration, email, first_name, last_name, password, photo, banned) VALUES
(
9,
'2019-09-17 15:58:37.612000000',
'roman.burak@gmail.com',
'Роман',
'Бурак',
'$2a$10$TEKN31igInElgXgeRaO3neHEdtzvc40ZLU2JRd/DLeKf29btVaEnC',
'roman_burak.jpg',
false
);

INSERT INTO user_role (user_id, role_id) VALUES (9,4);

INSERT INTO user (id, date_of_registration, email, first_name, last_name, password, photo, banned) VALUES
(
10,
'2019-09-17 15:58:37.612000000',
'marjana.brazda@gmail.com',
'Маряна',
'Бразда',
'$2a$10$TEKN31igInElgXgeRaO3neHEdtzvc40ZLU2JRd/DLeKf29btVaEnC',
'marjana_brazda.jpg',
false
);

INSERT INTO user_role (user_id, role_id) VALUES (10,4);

INSERT INTO user (id, date_of_registration, email, first_name, last_name, password, photo, banned) VALUES
(
11,
'2019-09-17 15:58:37.612000000',
'ivan.dutchak@gmail.com',
'Іван',
'Дутчак',
'$2a$10$TEKN31igInElgXgeRaO3neHEdtzvc40ZLU2JRd/DLeKf29btVaEnC',
'ivan_dutchak.jpg',
false
);

INSERT INTO user_role (user_id, role_id) VALUES (11,4);

INSERT INTO department (id, description, name) VALUES (1, 'Алергологія', 'Алергологія');

INSERT INTO user (id, date_of_registration, email, first_name, last_name, password, photo, banned) VALUES
(
12,
'2019-09-17 15:58:37.612000000',
'oxana.pastuh@gmail.com',
'Оксана',
'Пастух',
'$2a$10$TEKN31igInElgXgeRaO3neHEdtzvc40ZLU2JRd/DLeKf29btVaEnC',
'oxana_pastuh.jpg',
false
);

INSERT INTO user_role (user_id, role_id) VALUES (12,3);

INSERT INTO doctor (id, middle_name, name, photo_name, qualification_level, specialization, surname, department_id, user_id) VALUES (
1,
'Василівна',
'Оксана',
'oxana_pastuh.jpg',
'Вища',
'Алерголог',
'Пастух',
1,
12);

INSERT INTO user (id, date_of_registration, email, first_name, last_name, password, photo, banned) VALUES
(
13,
'2019-09-17 15:58:37.612000000',
'iryna.parandiy@gmail.com',
'Ірина',
'Парадій',
'$2a$10$TEKN31igInElgXgeRaO3neHEdtzvc40ZLU2JRd/DLeKf29btVaEnC',
'iryna_parandiy.jpg',
false
);

INSERT INTO user_role (user_id, role_id) VALUES (13,3);

INSERT INTO doctor (id, middle_name, name, photo_name, qualification_level, specialization, surname, department_id, user_id) VALUES (
2,
'Богданівна',
'Ірина',
'iryna_parandiy.jpg',
'Перша',
'Алерголог',
'Парадій',
1,
13);

INSERT INTO user (id, date_of_registration, email, first_name, last_name, password, photo, banned) VALUES
(
14,
'2019-09-17 15:58:37.612000000',
'lida.lupulak@gmail.com',
'Ліда',
'Лупуляк',
'$2a$10$TEKN31igInElgXgeRaO3neHEdtzvc40ZLU2JRd/DLeKf29btVaEnC',
'lida_lupulak.jpg',
false
);

INSERT INTO user_role (user_id, role_id) VALUES (14,3);

INSERT INTO doctor (id, middle_name, name, photo_name, qualification_level, specialization, surname, department_id, user_id) VALUES (
3,
'Василівна',
'Ліда',
'lida_lupulak.jpg',
'Вища',
'Алерголог',
'Лупуляк',
1,
14);

INSERT INTO department (id, description, name) VALUES (2, 'Анестезіологія', 'Анестезіологія');

INSERT INTO user (id, date_of_registration, email, first_name, last_name, password, photo, banned) VALUES
(
15,
'2019-09-17 15:58:37.612000000',
'oleg.kurtash@gmail.com',
'Олег',
'Курташ',
'$2a$10$TEKN31igInElgXgeRaO3neHEdtzvc40ZLU2JRd/DLeKf29btVaEnC',
'oleg_kurtash.jpg',
false
);

INSERT INTO user_role (user_id, role_id) VALUES (15,3);

INSERT INTO doctor (id, middle_name, name, photo_name, qualification_level, specialization, surname, department_id, user_id) VALUES (
4,
'Олександрович',
'Олег',
'oleg_kurtash.jpg',
'Вища',
'Анестезіолог',
'Курташ',
2,
15);

INSERT INTO user (id, date_of_registration, email, first_name, last_name, password, photo, banned) VALUES
(
16,
'2019-09-17 15:58:37.612000000',
'volodymyr.valchyshin@gmail.com',
'Володимир',
'Вальчишин',
'$2a$10$TEKN31igInElgXgeRaO3neHEdtzvc40ZLU2JRd/DLeKf29btVaEnC',
'volodymyr_valchyshin.jpg',
false
);

INSERT INTO user_role (user_id, role_id) VALUES (16,3);

INSERT INTO doctor (id, middle_name, name, photo_name, qualification_level, specialization, surname, department_id, user_id) VALUES (
5,
'Петрович',
'Володимир',
'volodymyr_valchyshin.jpg',
'Вища',
'Анестезіолог',
'Вальчишин',
2,
16);

INSERT INTO user (id, date_of_registration, email, first_name, last_name, password, photo, banned) VALUES
(
17,
'2019-09-17 15:58:37.612000000',
'yaroslav.demkiv@gmail.com',
'Ярослав',
'Демків',
'$2a$10$TEKN31igInElgXgeRaO3neHEdtzvc40ZLU2JRd/DLeKf29btVaEnC',
'yaroslav_demkiv.jpg',
false
);

INSERT INTO user_role (user_id, role_id) VALUES (17,3);

INSERT INTO doctor (id, middle_name, name, photo_name, qualification_level, specialization, surname, department_id, user_id) VALUES (
6,
'Михайлович',
'Ярослав',
'yaroslav_demkiv.jpg',
'Вища',
'Анестезіолог',
'Демків',
2,
17);

INSERT INTO user (id, date_of_registration, email, first_name, last_name, password, photo, banned) VALUES
(
18,
'2019-09-17 15:58:37.612000000',
'roman.ivanochko@gmail.com',
'Роман',
'Іваночко',
'$2a$10$TEKN31igInElgXgeRaO3neHEdtzvc40ZLU2JRd/DLeKf29btVaEnC',
'roman_ivanochko.jpg',
false
);

INSERT INTO user_role (user_id, role_id) VALUES (18,3);

INSERT INTO doctor (id, middle_name, name, photo_name, qualification_level, specialization, surname, department_id, user_id) VALUES (
7,
'Васильович',
'Роман',
'roman_ivanochko.jpg',
'Вища',
'Анестезіолог',
'Іваночко',
2,
18);

INSERT INTO department (id, description, name) VALUES (3, 'Неврологія', 'Неврологія');

INSERT INTO user (id, date_of_registration, email, first_name, last_name, password, photo, banned) VALUES
(
19,
'2019-09-17 15:58:37.612000000',
'yaroslav.kryshtafovich@gmail.com',
'Ярослав',
'Криштафович',
'$2a$10$TEKN31igInElgXgeRaO3neHEdtzvc40ZLU2JRd/DLeKf29btVaEnC',
'yaroslav_kryshtafovich.jpg',
false
);

INSERT INTO user_role (user_id, role_id) VALUES (19,3), (19,2);

INSERT INTO doctor (id, middle_name, name, photo_name, qualification_level, specialization, surname, department_id, user_id) VALUES (
8,
'Львович',
'Ярослав',
'yaroslav_kryshtafovich.jpg',
'Вища',
'Невролог',
'Криштафович',
3,
19);

INSERT INTO user (id, date_of_registration, email, first_name, last_name, password, photo, banned) VALUES
(
20,
'2019-09-17 15:58:37.612000000',
'taras.velychko@gmail.com',
'Тарас',
'Величко',
'$2a$10$TEKN31igInElgXgeRaO3neHEdtzvc40ZLU2JRd/DLeKf29btVaEnC',
'taras_velychko.jpg',
false
);

INSERT INTO user_role (user_id, role_id) VALUES (20,3);

INSERT INTO doctor (id, middle_name, name, photo_name, qualification_level, specialization, surname, department_id, user_id) VALUES (
9,
'Михайлович',
'Тарас',
'taras_velychko.jpg',
'Перша',
'Педіатр',
'Величко',
3,
20);

INSERT INTO user (id, date_of_registration, email, first_name, last_name, password, photo, banned) VALUES
(
21,
'2019-09-17 15:58:37.612000000',
'svitlana.galanjiy@gmail.com',
'Світлана',
'Галанджій',
'$2a$10$TEKN31igInElgXgeRaO3neHEdtzvc40ZLU2JRd/DLeKf29btVaEnC',
'svitlana_galanjiy.jpg',
false
);

INSERT INTO user_role (user_id, role_id) VALUES (21,3);

INSERT INTO doctor (id, middle_name, name, photo_name, qualification_level, specialization, surname, department_id, user_id) VALUES (
10,
'Василівна',
'Світлана',
'svitlana_galanjiy.jpg',
'Вища',
'Невролог',
'Галанджій',
3,
21);

INSERT INTO user (id, date_of_registration, email, first_name, last_name, password, photo, banned) VALUES
(
22,
'2019-09-17 15:58:37.612000000',
'ludmyla.delva@gmail.com',
'Людмила',
'Дельва',
'$2a$10$TEKN31igInElgXgeRaO3neHEdtzvc40ZLU2JRd/DLeKf29btVaEnC',
'ludmyla_delva.jpg',
false
);

INSERT INTO user_role (user_id, role_id) VALUES (22,3), (22,2);

INSERT INTO doctor (id, middle_name, name, photo_name, qualification_level, specialization, surname, department_id, user_id) VALUES (
11,
'Володимирівна',
'Людмила',
'ludmyla_delva.jpg',
'Вища',
'Невролог',
'Дельва',
3,
22);

INSERT INTO department (id, description, name) VALUES (4, 'Онкогематологія', 'Онкогематологія');

INSERT INTO user (id, date_of_registration, email, first_name, last_name, password, photo, banned) VALUES
(
23,
'2019-09-17 15:58:37.612000000',
'alla.ivanenko@gmail.com',
'Алла',
'Іваненко',
'$2a$10$TEKN31igInElgXgeRaO3neHEdtzvc40ZLU2JRd/DLeKf29btVaEnC',
'alla_ivanenko.jpg',
false
);

INSERT INTO user_role (user_id, role_id) VALUES (23,3);

INSERT INTO doctor (id, middle_name, name, photo_name, qualification_level, specialization, surname, department_id, user_id) VALUES (
12,
'Леонідівна',
'Алла',
'alla_ivanenko.jpg',
'Вища',
'Гематолог',
'Іваненко',
4,
23);

INSERT INTO user (id, date_of_registration, email, first_name, last_name, password, photo, banned) VALUES
(
24,
'2019-09-17 15:58:37.612000000',
'ludmyla.melnychuk@gmail.com',
'Людмила',
'Мельничук',
'$2a$10$TEKN31igInElgXgeRaO3neHEdtzvc40ZLU2JRd/DLeKf29btVaEnC',
'ludmyla.melnychuk.jpg',
false
);

INSERT INTO user_role (user_id, role_id) VALUES (24,3);

INSERT INTO doctor (id, middle_name, name, photo_name, qualification_level, specialization, surname, department_id, user_id) VALUES (
13,
'Василівна',
'Людмила',
'ludmyla_melnychuk.jpg',
'Перша',
'Гематолог',
'Мельничук',
4,
24);

INSERT INTO user (id, date_of_registration, email, first_name, last_name, password, photo, banned) VALUES
(
25,
'2019-09-17 15:58:37.612000000',
'yurij.tomashchuk@gmail.com',
'Юрій',
'Томащук',
'$2a$10$TEKN31igInElgXgeRaO3neHEdtzvc40ZLU2JRd/DLeKf29btVaEnC',
'yurij_tomashchuk.jpg',
false
);

INSERT INTO user_role (user_id, role_id) VALUES (25,3);

INSERT INTO doctor (id, middle_name, name, photo_name, qualification_level, specialization, surname, department_id, user_id) VALUES (
14,
'Степанович',
'Юрій',
'yurij_tomashchuk.jpg',
'Друга',
'Гематолог',
'Томащук',
4,
25);

INSERT INTO department (id, description, name) VALUES (5, 'Ендикринологія', 'Ендикринологія');

INSERT INTO user (id, date_of_registration, email, first_name, last_name, password, photo, banned) VALUES
(
26,
'2019-09-17 15:58:37.612000000',
'natalija.chorna@gmail.com',
'Наталія',
'Чорна',
'$2a$10$TEKN31igInElgXgeRaO3neHEdtzvc40ZLU2JRd/DLeKf29btVaEnC',
'natalija_chorna.jpg',
false
);

INSERT INTO user_role (user_id, role_id) VALUES (26,3);

INSERT INTO doctor (id, middle_name, name, photo_name, qualification_level, specialization, surname, department_id, user_id) VALUES (
15,
'Володимирівна',
'Наталія',
'natalija_chorna.jpg',
'Вища',
'Ендокринолог',
'Чорна',
5,
26);

INSERT INTO user (id, date_of_registration, email, first_name, last_name, password, photo, banned) VALUES
(
27,
'2019-09-17 15:58:37.612000000',
'nina.alekseeva@gmail.com',
'Ніна',
'Алексеєва',
'$2a$10$TEKN31igInElgXgeRaO3neHEdtzvc40ZLU2JRd/DLeKf29btVaEnC',
'nina_alekseeva.jpg',
false
);

INSERT INTO user_role (user_id, role_id) VALUES (27,3);

INSERT INTO doctor (id, middle_name, name, photo_name, qualification_level, specialization, surname, department_id, user_id) VALUES (
16,
'Сергіївна',
'Ніна',
'nina_alekseeva.jpg',
'Вища',
'Ендокринолог',
'Алексеєва',
5,
27);

INSERT INTO user (id, date_of_registration, email, first_name, last_name, password, photo, banned) VALUES
(
28,
'2019-09-17 15:58:37.612000000',
'lilia.zelinska@gmail.com',
'Лілія',
'Зелінська',
'$2a$10$TEKN31igInElgXgeRaO3neHEdtzvc40ZLU2JRd/DLeKf29btVaEnC',
'lilia_zelinska.jpg',
false
);

INSERT INTO user_role (user_id, role_id) VALUES (28,3);

INSERT INTO doctor (id, middle_name, name, photo_name, qualification_level, specialization, surname, department_id, user_id) VALUES (
17,
'Михайлівна',
'Лілія',
'lilia_zelinska.jpg',
'Вища',
'Ендокринолог',
'Зелінська',
5,
28);

INSERT INTO disease(name, department_id) VALUES
('Бронхіальна астма', 1),
('Алергічний риносинуїт', 1),
('Алергічний кон''юктивіт', 1),
('Поліноз, респіраторні алергози',1),
('Кропивянка і ангіоневротичний набряк Квінке',1),
('Атопічний дерматит',1),
('Медикаментозна алергія',1),
('Харчова алергія',1),
('Фізична алергія (холодова, теплова)',1),
('Алергічні реакції на укуси перетинчастокрилих',1),
('Сироваткова хвороба',1),
('Контактний дерматит',1),
('Екзоненний алергічний альвеоліт',1),
('Еозинофільна пневмонія',1),
('Алергічні поствакцинальні ускладнення (с-м Лайєла, Стівена-Джонсона)',1),
('Діти з алергічними захворюваннями з метою проведення щеплень',1),

('Гострі розлади дихання',2),
('Гострі розлади кровообігу',2),
('Шок будь-якої етіології',2),
('Поастасистолічний синдром',2),
('Гострі розлади функцій шлунково-кишкового тракту',2),
('Гостра печінкова недостатність будь-якої етіології',2),
('Гостра ниркова недостатність будь-якої етіології',2),
('Гострі порушення функції ЦНС',2),
('Хірургічна патологія (політравми, післяопераційний період, парентеральне харчування)',2),
('Гострі отруєння будь-якої етіології',2),
('Стани після електротравми, утоплення, странгуляційної асфіксії',2),

('Гнійні менінгіти (крім менінгококових)',3),
('Серозні менінгіти (крім туберкульозних)',3),
('Гострі вірусні енцефаліти',3),
('Церебральні арахноїдити',3),
('Полірадикулоневрити (гострі в''ялі паралічі)',3),
('Спадково-дегенеративні захворювання головного мозку і нервово-м''язевої системи',3),
('Прогресуючі м''язеві дистрофії і неавральні форми аміотрофій',3),
('Демієлінізуючі захворювання',3),
('Невропатії периферичних нервів',3),
('Епілепсії і епілептичні синдроми',3),
('Синдром вегетативно-судинної дистонії на фоні мінімальної церебральної дисфункції',3),
('Неврози, неврозоподібні стани',3),
('Гострі порушення мозкового кровообігу',3),
('Наслідки перенесених менінгітів, енцефалітів, мієлітів, поліомієліту та поліомієлітоподібних захворювань, полірадікулоневропатії, невритів, неспецифічних захворювань нервової системи, вроджених інфекційних уражень нервової системи (токсоплазмоз, цитомегалія)',3),
('Травми периферичних нервів',3),
('Гідроцефалія',3),

('Гострий лейкоз, хронічний мієлолейкоз',4),
('Лімфогрануломатоз',4),
('Лімфосаркома',4),
('Гістіоцитоз',4),
('Залізодефіцитні анемії важкого, середнього ступеня важкості',4),
('Гемолітичні анемії',4),
('Гіпопластичні анемії, В-12 фолієво-дефіцитна анемія',4),
('Геморагічні васкуліти',4),
('Хвороба Віллебранта',4),

('Цукровий діабет – вперше виявлений або в стадії декомпенсації',5),
('Нецукровий діабет вперше виявлений та по показах',5),
('Дифузно-токсичний зоб вперше виявлений',5),
('Аутоімунні захворювання щитовидної залози',5),
('Гіпотиреози',5),
('Адрено-генітальний синдром',5),
('Феохромоцитома',5),
('Гігантизм',5),
('Гіпофізарний нанізм',5),
('Аліментарне ожиріння III стадії і вище',5),
('Гіпопітуітаризм',5),
('Вузловий зоб',5),
('Хронічні розлади живлення',5);

INSERT INTO question(question,answer) VALUES
('Як саме записатись на прийом?',
'Подзвоніть або заповніть заявку на сайті.'),

('Як швидко набрати вагу?',
'Вам потрібно пройти огляд у лікаря гастроентеролога, знайти причину низької маси тіла, обстежитися. Зоочно така консультація не є єфективною.'),

('Чи є пільги дітям учасників бойових дій?',
'Так, зверніться в наш довідковий центр для детальної інформації.'),

('Закрепи у немовлят, що робити?',
'Причина закрепів у немовлят буває різною, тому  встановити причину через сайт і дати Вам добрі рекомендації не є можливим.  Зверніться до дільничого лікаря, він огляне дитину і призначить лікування.'),

('Де можна зробити узд серця?',
'УЗД серця проводиться  на базі відділення фунціональної та УЗ діагностики  обласної дитячої лікарні, за направленням лікаря'),

('Як лікується гіпотонія мязів та легкий гідроцефальний синдром ?',
'Лікування такої патології здійснюється під контролем дитячого невропатолога.Дуже ретельно необхідно виконувати його призначення та періодично проходити обстеження. Важливо,що лікування дає кращі результати,якщо проводиться регулярно і в ранньому віці. Адже така патологія трапляється часто, це не тільки є у Вашої дитини.Лікарі знають методики, які допомагають мозку дитини справитись з  наявними відхиленнями. Треба тільки чітко дотримуватись їх рекомендацій. Чи будуть  наслідки перенесеного для дитини: буде видно в 1 річному віці, але наслідки зведені до мінімальних, якщо батьки прислухаються до порад спеціалістів та виконують їх.'),

('Чи роблять операціїї для новонароджених з розчекленям підлебення?',
'Операції з приводу розщелини піднебіння проводяться на базі обласної клінічної лікарні (район Пасічної) у відділенні щелепно-лицевої хірургії. В нашій лікарні такі операції планово не проводяться.'),

('Скажіть будь-ласка, як спеціалісти лікарні ставляться до проведення профілактичних щеплень дітям?',
'Профілактичні щеплення проводяться дітям у всіх розвинутих країнах Світу, бо це один з найбільш ефективних методів профілактики захворювань, які несуть смертельну небезпеку дітям.
По всіх питаннях щодо проведення профілактичних щеплень Вашій дитині можна отримати відповіді у дільничого лікаря або у дитячого імунолога за місцем проживання дитини.');

INSERT INTO review(date, patient_id, doctor_id, text) VALUES
('2019-10-14 16:00', 2, 1, 'Хороший лікар'),
('2019-09-02 15:17', 3, 1, 'Приємні враження'),
('2019-10-11 11:34', 4, 1, 'Лікар з великим досвідом і хорошим знанням своєї справи'),
('2019-10-12 14:21', 5, 1, 'Не рекомендую. Були проблеми. В деталі вдаватись не буду'),
('2019-10-05 11:56', 6, 1, 'Все влаштувало, мені все сподобалось.'),
('2019-10-06 17:11', 7, 1, 'Злагодженість, індивідуальний підхід до кожного пацієнта, професійність'),
('2019-10-01 15:40', 8, 1, 'Все чудово, все прекрасно, лікар дуже висококваліфкований, мені сподобалось.'),
('2019-08-20 06:30', 9, 1, 'Влучний діагноз і ефективне лікування. І яка людина чудова.'),
('2019-10-14 16:00', 10, 1, 'Чудовий лікар, гарно cпілкується і добре знає свою професію. Дуже вдячна'),
('2019-10-14 16:00', 11, 1, 'Лікар дуже уважний та лагідний до пацієнта'),

('2019-10-14 16:00', 2, 2, 'Хороший лікар'),
('2019-09-02 15:17', 3, 2, 'Приємні враження'),
('2019-10-11 11:34', 4, 2, 'Лікар з великим досвідом і хорошим знанням своєї справи'),
('2019-10-12 14:21', 5, 2, 'Не рекомендую. Були проблеми. В деталі вдаватись не буду'),
('2019-10-05 11:56', 6, 2, 'Все влаштувало, мені все сподобалось.'),
('2019-10-06 17:11', 7, 2, 'Злагодженість, індивідуальний підхід до кожного пацієнта, професійність'),
('2019-10-01 15:40', 8, 2, 'Все чудово, все прекрасно, лікар дуже висококваліфкований, мені сподобалось.'),
('2019-08-20 06:30', 9, 2, 'Влучний діагноз і ефективне лікування. І яка людина чудова.'),
('2019-10-14 16:00', 10, 2, 'Чудовий лікар, гарно cпілкується і добре знає свою професію. Дуже вдячна'),
('2019-10-14 16:00', 11, 2, 'Лікар дуже уважний та лагідний до пацієнта'),

('2019-10-14 16:00', 2, 3, 'Хороший лікар'),
('2019-09-02 15:17', 3, 3, 'Приємні враження'),
('2019-10-11 11:34', 4, 3, 'Лікар з великим досвідом і хорошим знанням своєї справи'),
('2019-10-12 14:21', 5, 3, 'Не рекомендую. Були проблеми. В деталі вдаватись не буду'),
('2019-10-05 11:56', 6, 3, 'Все влаштувало, мені все сподобалось.'),
('2019-10-06 17:11', 7, 3, 'Злагодженість, індивідуальний підхід до кожного пацієнта, професійність'),
('2019-10-01 15:40', 8, 3, 'Все чудово, все прекрасно, лікар дуже висококваліфкований, мені сподобалось.'),
('2019-08-20 06:30', 9, 3, 'Влучний діагноз і ефективне лікування. І яка людина чудова.'),
('2019-10-14 16:00', 10, 3, 'Чудовий лікар, гарно cпілкується і добре знає свою професію. Дуже вдячна'),
('2019-10-14 16:00', 11, 3, 'Лікар дуже уважний та лагідний до пацієнта'),

('2019-10-14 16:00', 2, 4, 'Хороший лікар'),
('2019-09-02 15:17', 3, 4, 'Приємні враження'),
('2019-10-11 11:34', 4, 4, 'Лікар з великим досвідом і хорошим знанням своєї справи'),
('2019-10-12 14:21', 5, 4, 'Не рекомендую. Були проблеми. В деталі вдаватись не буду'),
('2019-10-05 11:56', 6, 4, 'Все влаштувало, мені все сподобалось.'),
('2019-10-06 17:11', 7, 4, 'Злагодженість, індивідуальний підхід до кожного пацієнта, професійність'),
('2019-10-01 15:40', 8, 4, 'Все чудово, все прекрасно, лікар дуже висококваліфкований, мені сподобалось.'),
('2019-08-20 06:30', 9, 4, 'Влучний діагноз і ефективне лікування. І яка людина чудова.'),
('2019-10-14 16:00', 10, 4, 'Чудовий лікар, гарно cпілкується і добре знає свою професію. Дуже вдячна'),
('2019-10-14 16:00', 11, 4, 'Лікар дуже уважний та лагідний до пацієнта'),

('2019-10-14 16:00', 2, 5, 'Хороший лікар'),
('2019-09-02 15:17', 3, 5, 'Приємні враження'),
('2019-10-11 11:34', 4, 5, 'Лікар з великим досвідом і хорошим знанням своєї справи'),
('2019-10-12 14:21', 5, 5, 'Не рекомендую. Були проблеми. В деталі вдаватись не буду'),
('2019-10-05 11:56', 6, 5, 'Все влаштувало, мені все сподобалось.'),
('2019-10-06 17:11', 7, 5, 'Злагодженість, індивідуальний підхід до кожного пацієнта, професійність'),
('2019-10-01 15:40', 8, 5, 'Все чудово, все прекрасно, лікар дуже висококваліфкований, мені сподобалось.'),
('2019-08-20 06:30', 9, 5, 'Влучний діагноз і ефективне лікування. І яка людина чудова.'),
('2019-10-14 16:00', 10, 5, 'Чудовий лікар, гарно cпілкується і добре знає свою професію. Дуже вдячна'),
('2019-10-14 16:00', 11, 5, 'Лікар дуже уважний та лагідний до пацієнта'),

('2019-10-14 16:00', 2, 6, 'Хороший лікар'),
('2019-09-02 15:17', 3, 6, 'Приємні враження'),
('2019-10-11 11:34', 4, 6, 'Лікар з великим досвідом і хорошим знанням своєї справи'),
('2019-10-12 14:21', 5, 6, 'Не рекомендую. Були проблеми. В деталі вдаватись не буду'),
('2019-10-05 11:56', 6, 6, 'Все влаштувало, мені все сподобалось.'),
('2019-10-06 17:11', 7, 6, 'Злагодженість, індивідуальний підхід до кожного пацієнта, професійність'),
('2019-10-01 15:40', 8, 6, 'Все чудово, все прекрасно, лікар дуже висококваліфкований, мені сподобалось.'),
('2019-08-20 06:30', 9, 6, 'Влучний діагноз і ефективне лікування. І яка людина чудова.'),
('2019-10-14 16:00', 10, 6, 'Чудовий лікар, гарно cпілкується і добре знає свою професію. Дуже вдячна'),
('2019-10-14 16:00', 11, 6, 'Лікар дуже уважний та лагідний до пацієнта'),

('2019-10-14 16:00', 2, 7, 'Хороший лікар'),
('2019-09-02 15:17', 3, 7, 'Приємні враження'),
('2019-10-11 11:34', 4, 7, 'Лікар з великим досвідом і хорошим знанням своєї справи'),
('2019-10-12 14:21', 5, 7, 'Не рекомендую. Були проблеми. В деталі вдаватись не буду'),
('2019-10-05 11:56', 6, 7, 'Все влаштувало, мені все сподобалось.'),
('2019-10-06 17:11', 7, 7, 'Злагодженість, індивідуальний підхід до кожного пацієнта, професійність'),
('2019-10-01 15:40', 8, 7, 'Все чудово, все прекрасно, лікар дуже висококваліфкований, мені сподобалось.'),
('2019-08-20 06:30', 9, 7, 'Влучний діагноз і ефективне лікування. І яка людина чудова.'),
('2019-10-14 16:00', 10, 7, 'Чудовий лікар, гарно cпілкується і добре знає свою професію. Дуже вдячна'),
('2019-10-14 16:00', 11, 7, 'Лікар дуже уважний та лагідний до пацієнта'),

('2019-10-14 16:00', 2, 8, 'Хороший лікар'),
('2019-09-02 15:17', 3, 8, 'Приємні враження'),
('2019-10-11 11:34', 4, 8, 'Лікар з великим досвідом і хорошим знанням своєї справи'),
('2019-10-12 14:21', 5, 8, 'Не рекомендую. Були проблеми. В деталі вдаватись не буду'),
('2019-10-05 11:56', 6, 8, 'Все влаштувало, мені все сподобалось.'),
('2019-10-06 17:11', 7, 8, 'Злагодженість, індивідуальний підхід до кожного пацієнта, професійність'),
('2019-10-01 15:40', 8, 8, 'Все чудово, все прекрасно, лікар дуже висококваліфкований, мені сподобалось.'),
('2019-08-20 06:30', 9, 8, 'Влучний діагноз і ефективне лікування. І яка людина чудова.'),
('2019-10-14 16:00', 10, 8, 'Чудовий лікар, гарно cпілкується і добре знає свою професію. Дуже вдячна'),
('2019-10-14 16:00', 11, 8, 'Лікар дуже уважний та лагідний до пацієнта'),

('2019-10-14 16:00', 2, 9, 'Хороший лікар'),
('2019-09-02 15:17', 3, 9, 'Приємні враження'),
('2019-10-11 11:34', 4, 9, 'Лікар з великим досвідом і хорошим знанням своєї справи'),
('2019-10-12 14:21', 5, 9, 'Не рекомендую. Були проблеми. В деталі вдаватись не буду'),
('2019-10-05 11:56', 6, 9, 'Все влаштувало, мені все сподобалось.'),
('2019-10-06 17:11', 7, 9, 'Злагодженість, індивідуальний підхід до кожного пацієнта, професійність'),
('2019-10-01 15:40', 8, 9, 'Все чудово, все прекрасно, лікар дуже висококваліфкований, мені сподобалось.'),
('2019-08-20 06:30', 9, 9, 'Влучний діагноз і ефективне лікування. І яка людина чудова.'),
('2019-10-14 16:00', 10, 9, 'Чудовий лікар, гарно cпілкується і добре знає свою професію. Дуже вдячна'),
('2019-10-14 16:00', 11, 9, 'Лікар дуже уважний та лагідний до пацієнта'),

('2019-10-14 16:00', 2, 10, 'Хороший лікар'),
('2019-09-02 15:17', 3, 10, 'Приємні враження'),
('2019-10-11 11:34', 4, 10, 'Лікар з великим досвідом і хорошим знанням своєї справи'),
('2019-10-12 14:21', 5, 10, 'Не рекомендую. Були проблеми. В деталі вдаватись не буду'),
('2019-10-05 11:56', 6, 10, 'Все влаштувало, мені все сподобалось.'),
('2019-10-06 17:11', 7, 10, 'Злагодженість, індивідуальний підхід до кожного пацієнта, професійність'),
('2019-10-01 15:40', 8, 10, 'Все чудово, все прекрасно, лікар дуже висококваліфкований, мені сподобалось.'),
('2019-08-20 06:30', 9, 10, 'Влучний діагноз і ефективне лікування. І яка людина чудова.'),
('2019-10-14 16:00', 10, 10, 'Чудовий лікар, гарно cпілкується і добре знає свою професію. Дуже вдячна'),
('2019-10-14 16:00', 11, 10, 'Лікар дуже уважний та лагідний до пацієнта'),

('2019-10-14 16:00', 2, 11, 'Хороший лікар'),
('2019-09-02 15:17', 3, 11, 'Приємні враження'),
('2019-10-11 11:34', 4, 11, 'Лікар з великим досвідом і хорошим знанням своєї справи'),
('2019-10-12 14:21', 5, 11, 'Не рекомендую. Були проблеми. В деталі вдаватись не буду'),
('2019-10-05 11:56', 6, 11, 'Все влаштувало, мені все сподобалось.'),
('2019-10-06 17:11', 7, 11, 'Злагодженість, індивідуальний підхід до кожного пацієнта, професійність'),
('2019-10-01 15:40', 8, 11, 'Все чудово, все прекрасно, лікар дуже висококваліфкований, мені сподобалось.'),
('2019-08-20 06:30', 9, 11, 'Влучний діагноз і ефективне лікування. І яка людина чудова.'),
('2019-10-14 16:00', 10, 11, 'Чудовий лікар, гарно cпілкується і добре знає свою професію. Дуже вдячна'),
('2019-10-14 16:00', 11, 11, 'Лікар дуже уважний та лагідний до пацієнта'),

('2019-10-14 16:00', 2, 12, 'Хороший лікар'),
('2019-09-02 15:17', 3, 12, 'Приємні враження'),
('2019-10-11 11:34', 4, 12, 'Лікар з великим досвідом і хорошим знанням своєї справи'),
('2019-10-12 14:21', 5, 12, 'Не рекомендую. Були проблеми. В деталі вдаватись не буду'),
('2019-10-05 11:56', 6, 12, 'Все влаштувало, мені все сподобалось.'),
('2019-10-06 17:11', 7, 12, 'Злагодженість, індивідуальний підхід до кожного пацієнта, професійність'),
('2019-10-01 15:40', 8, 12, 'Все чудово, все прекрасно, лікар дуже висококваліфкований, мені сподобалось.'),
('2019-08-20 06:30', 9, 12, 'Влучний діагноз і ефективне лікування. І яка людина чудова.'),
('2019-10-14 16:00', 10, 12, 'Чудовий лікар, гарно cпілкується і добре знає свою професію. Дуже вдячна'),
('2019-10-14 16:00', 11, 12, 'Лікар дуже уважний та лагідний до пацієнта'),

('2019-10-14 16:00', 2, 13, 'Хороший лікар'),
('2019-09-02 15:17', 3, 13, 'Приємні враження'),
('2019-10-11 11:34', 4, 13, 'Лікар з великим досвідом і хорошим знанням своєї справи'),
('2019-10-12 14:21', 5, 13, 'Не рекомендую. Були проблеми. В деталі вдаватись не буду'),
('2019-10-05 11:56', 6, 13, 'Все влаштувало, мені все сподобалось.'),
('2019-10-06 17:11', 7, 13, 'Злагодженість, індивідуальний підхід до кожного пацієнта, професійність'),
('2019-10-01 15:40', 8, 13, 'Все чудово, все прекрасно, лікар дуже висококваліфкований, мені сподобалось.'),
('2019-08-20 06:30', 9, 13, 'Влучний діагноз і ефективне лікування. І яка людина чудова.'),
('2019-10-14 16:00', 10, 13, 'Чудовий лікар, гарно cпілкується і добре знає свою професію. Дуже вдячна'),
('2019-10-14 16:00', 11, 13, 'Лікар дуже уважний та лагідний до пацієнта'),

('2019-10-14 16:00', 2, 14, 'Хороший лікар'),
('2019-09-02 15:17', 3, 14, 'Приємні враження'),
('2019-10-11 11:34', 4, 14, 'Лікар з великим досвідом і хорошим знанням своєї справи'),
('2019-10-12 14:21', 5, 14, 'Не рекомендую. Були проблеми. В деталі вдаватись не буду'),
('2019-10-05 11:56', 6, 14, 'Все влаштувало, мені все сподобалось.'),
('2019-10-06 17:11', 7, 14, 'Злагодженість, індивідуальний підхід до кожного пацієнта, професійність'),
('2019-10-01 15:40', 8, 14, 'Все чудово, все прекрасно, лікар дуже висококваліфкований, мені сподобалось.'),
('2019-08-20 06:30', 9, 14, 'Влучний діагноз і ефективне лікування. І яка людина чудова.'),
('2019-10-14 16:00', 10, 14, 'Чудовий лікар, гарно cпілкується і добре знає свою професію. Дуже вдячна'),
('2019-10-14 16:00', 11, 14, 'Лікар дуже уважний та лагідний до пацієнта'),

('2019-10-14 16:00', 2, 15, 'Хороший лікар'),
('2019-09-02 15:17', 3, 15, 'Приємні враження'),
('2019-10-11 11:34', 4, 15, 'Лікар з великим досвідом і хорошим знанням своєї справи'),
('2019-10-12 14:21', 5, 15, 'Не рекомендую. Були проблеми. В деталі вдаватись не буду'),
('2019-10-05 11:56', 6, 15, 'Все влаштувало, мені все сподобалось.'),
('2019-10-06 17:11', 7, 15, 'Злагодженість, індивідуальний підхід до кожного пацієнта, професійність'),
('2019-10-01 15:40', 8, 15, 'Все чудово, все прекрасно, лікар дуже висококваліфкований, мені сподобалось.'),
('2019-08-20 06:30', 9, 15, 'Влучний діагноз і ефективне лікування. І яка людина чудова.'),
('2019-10-14 16:00', 10, 15, 'Чудовий лікар, гарно cпілкується і добре знає свою професію. Дуже вдячна'),
('2019-10-14 16:00', 11, 15, 'Лікар дуже уважний та лагідний до пацієнта'),

('2019-10-14 16:00', 2, 16, 'Хороший лікар'),
('2019-09-02 15:17', 3, 16, 'Приємні враження'),
('2019-10-11 11:34', 4, 16, 'Лікар з великим досвідом і хорошим знанням своєї справи'),
('2019-10-12 14:21', 5, 16, 'Не рекомендую. Були проблеми. В деталі вдаватись не буду'),
('2019-10-05 11:56', 6, 16, 'Все влаштувало, мені все сподобалось.'),
('2019-10-06 17:11', 7, 16, 'Злагодженість, індивідуальний підхід до кожного пацієнта, професійність'),
('2019-10-01 15:40', 8, 16, 'Все чудово, все прекрасно, лікар дуже висококваліфкований, мені сподобалось.'),
('2019-08-20 06:30', 9, 16, 'Влучний діагноз і ефективне лікування. І як людина чудова.'),
('2019-10-14 16:00', 10, 16, 'Чудовий лікар, гарно cпілкується і добре знає свою професію. Дуже вдячна'),
('2019-10-14 16:00', 11, 16, 'Лікар дуже уважний та лагідний до пацієнта'),

('2019-10-14 16:00', 2, 17, 'Хороший лікар'),
('2019-09-02 15:17', 3, 17, 'Приємні враження'),
('2019-10-11 11:34', 4, 17, 'Лікар з великим досвідом і хорошим знанням своєї справи'),
('2019-10-12 14:21', 5, 17, 'Не рекомендую. Були проблеми. В деталі вдаватись не буду'),
('2019-10-05 11:56', 6, 17, 'Все влаштувало, мені все сподобалось.'),
('2019-10-06 17:11', 7, 17, 'Злагодженість, індивідуальний підхід до кожного пацієнта, професійність'),
('2019-10-01 15:40', 8, 17, 'Все чудово, все прекрасно, лікар дуже висококваліфкований, мені сподобалось.'),
('2019-08-20 06:30', 9, 17, 'Влучний діагноз і ефективне лікування. І яка людина чудова.'),
('2019-10-14 16:00', 10, 17, 'Чудовий лікар, гарно cпілкується і добре знає свою професію. Дуже вдячна'),
('2019-10-14 16:00', 11, 17, 'Лікар дуже уважний та лагідний до пацієнта');

INSERT INTO news(id, author_id, date, name, text, type) VALUES (
1,
19,
'2019-09-26 14:00:00',
'Засідання товаривства дитячих неврологів Івано-Франківської області',
'26.09.2019 року відбулось засідання товаривства  дитячих неврологів Івано-Франківської області.

   Надзвичайний інтерес викликала доповідь професора д.м.н. Пітика М.І. «Задня зворотня енцефалопатія у дітей». Було подано основи етіопатогенезу захворювання, клінічні прояви та особливості результатів радіологічного дослідження, а  також представлено досвід клініки по даній проблематиці.

   Зав.відділенням для дітей з ураженням ЦНС ОДКЛ Криштафович Я.Л., виступив з доповіддю «Синдром дефіциту уваги з гіперактивністю у дітей». Було наголошено на особливостях діагностики та особливостях лікування даної патології, а також говорилось про те, що гіпердіагностика СДУГ і лікування не у невролога або психіатра поглиблює патологічний стан, призводить до соціальної дезадаптації і ускладнює подальше надання адекватної допомоги. Було зазначено першочергове місце в лікувальному процесі психологів, в тому числі шкільних. Також  окремим питанням було розглянуто актуальні проблеми надання спеціалізованої  неврологічної  допомоги дітям Прикарпаття.  В Івано-Франківській області на кінець 2018 року зафіксовано - 943 дитини з інвалідністю з причини ураження ЦНС(вперше 62 дитини) з них діти з епілепсією - 99, діти з ДЦП  - 548, діти зі спінальними м’язовими атрофіями, м’язовими дистрофіями – 41. Суттєво відрізняється показник захворюваності дітей першого року життя в Івано-Франківській області порівняно з загально державним показником(40,9‰ проти 61,64‰). Недостатнє виявлення дітей з патологією нервової системи першого року життя зумовлено тим, що лікарі первинної ланки на перехідному етапі реформування  медичної галузі недостатньо скеровують дітей до лікаря дитячого невролога, що ускладнює своєчасне надання спеціалізованої допомоги.',
'NEWS');

INSERT INTO comment(user_id, date, text, news_id) VALUES
(19, '2019-10-11 14:30:00', 'Не знаю як вам,а мені було цікаво послухати.', 1),
(20, '2019-10-11 15:00', 'Було цікаво. Потрібно частіше проводити такі заходи.', 1),
(21, '2019-10-11 15:30', 'Надзвичайний інтерес викликала доповідь професора Пітика', 1);

INSERT INTO news(id, author_id, date, name, text, type) VALUES (
2,
22,
'2019-10-07 11:49:00',
'Наш девіз - збереження життя та здоров’я працівників лікарні',
'Адміністрацією обласної дитячої клінічної лікарні постійно приділяється  увага поліпшенню умов праці, попередження надзвичайних ситуацій та травматизму в лікарні. З метою  профілактики  травматизму, нещасних випадків на робочому місці, а  також підготовки  працівників лікарні в даних питаннях,  в закладі охорони здоров’я  проведено капітальний ремонт класу охорони праці, пожежної та надзвичайних ситуацій. В даному  приміщення  оновлено матеріально-технічне забезпечення, наглядна  стендова література та інше, що  дасть можливість якісного та практичного навчання працівників лікарні. На відкриття кабінету були запрошені: Начальник Управління з питань     НС мобілізаційно-оборонної роботи та  діяльності  правоохоронних органів виконавчого комітету  Івано–Франківської міської ради   Влізло І.І., Начальник Управління Держпраці в Івано-Франківській області Росипайло І.Я., головний спеціаліст - страховий експерт з охорони праці Івано-Франківського відділення Управління  виконавчої дирекції Фонду  соціального страхування України в Івано-Франківській області  Прокопів С.Б., начальник відділу технічного нагляду за капітальним ремонтом та експлуатацією будівель і споруд закладів охорони здоров’я при департаменті охорони здоров’я Івано-Франківської ОДА  Клегіна Н.М., які висловили слова  подяки  головному лікареві Р. Котурбашу, інженеру  з охорони праці І.І. Геряку, фахівцю з питань цивільного захисту  П. Касянчуку за розуміння важливості завдань, які покладаються на ці служби.',
'NEWS');

INSERT INTO comment(user_id, date, text, news_id) VALUES
(4, '2019-10-11 14:30:00', 'Охорона праці - це важливо. Так тримати!', 2),
(15, '2019-10-11 15:00', 'Було цікаво. Потрібно частіше проводити такі заходи.', 2);

INSERT INTO news(id, author_id, date, name, text, type) VALUES (
3,
19,
'2019-10-11 15:39:00',
'Участь у конкурсах програми «Діти Створюють Країну»',
'Діти Створюють Країну щодня, своїми думками, словами, діями, рішеннями.

  З метою виявлення, об’єднання, навчання та підтримки активних дітей у світі була створена програма «Діти Створюють Країну», ініційована ГО «Українські Креативні Реформатори». Ключове завдання програми – трансформувати свідомість дітей, від мислення «споживачів» до моделі «творців», які беруть відповідальність за своє майбутнє, майбутнє своєї країни та  нашої планети Земля.

  В рамках програми, педагоги обласної дитячої клінічної лікарні провели конкурси «Здоровий спосіб життя» та «Як я споживаю корисну, здорову їжу». У конкурсі взяли участь діти, які перебувають на лікуванні в ОДКЛ та діти працівників лікарні. Юні творці у своїх роботах відображали те, чим для них є здоровий спосіб життя.

Кращі дитячі роботи та відео-презентація потрапили у рубрику «Соціальна реклама» .',
'NEWS');

INSERT INTO comment(user_id, date, text, news_id) VALUES
(6, '2019-10-12 14:30:00', 'Прекрасна ініціатива. Діти - наше майбутнє.', 3),
(5, '2019-10-12 15:00', 'Дуже правильний меседж: від споживачів до творців. Виховуйте в дітях це змалечку', 3),
(10, '2019-10-12 16:31', 'Дуже гарна ідея!', 3);

INSERT INTO news(id, author_id, date, name, text, type) VALUES (
4,
22,
'2019-09-25 15:48:00',
'Івано-Франківська обласна дитяча клінічна лікарня отримала дороговартісне рентгенобладнання',
'Івано-Франківська обласна дитяча клінічна лікарня отримала для потреб операційного блоку відділення травматології та ортопедії дороговартісне сучасне цифрове рентгенобладнання, систему рентгенівську діагностичну С-подібну Symbol 5R9. Мрія травматологів дитячої лікарня стала можлива завдяки ініціативності й зусиллям головного лікаря закладу Котурбаша Р. Й.

    Використання даного апарату дозволить, в першу чергу, підвищити якість оперативних втручань, скоротити час їх провендення, застосовувати для лікування новітні медичні технології.

    Удосконалення надання медичних послуг в обласній дитячій клінічній лікарні дасть можливість конкурувати з провідними клініками не тільки України, а й Європи.',
'NEWS');

INSERT INTO comment(user_id, date, text, news_id) VALUES
(5, '2019-09-25 16:00:00', 'Давно пора', 4),
(8, '2019-09-25 16:12:00', 'В кожній лікарні повинно бути сучасне обладнання', 4),
(7, '2019-09-25 16:21:00', 'Дуже добре. А то тратимось на приватників', 4);

INSERT INTO news(id, author_id, date, name, text, type) VALUES (
5,
19,
'2019-09-24 15:00:00',
'Подарунок від фонду Ріната Ахметова для ОДКЛ',
' Згідно проекту «200 швидких для України», з ініціативи президента Володимира Зеленського та за особистим рішенням засновника фонду Ріната Ахметова, Івано-Франківська Обласна дитяча клінічна лікарня отримала реанімобіль класу С для новонароджених, оснащений за всіма сучасними стандартами надання неонатальної допомоги. Тепер даний реанімобіль буде обслуговувати всі райони області і надавати невідкладну допомогу новонародженим дітям.',
'NEWS');

INSERT INTO comment(user_id, date, text, news_id) VALUES
(20, '2019-09-24 16:00:00', 'Велике спасибі фонду за допомогу!', 5),
(8, '2019-09-24 16:12:00', 'Благодійність є. Хто би що не говорив', 5);

INSERT INTO news(id, author_id, date, name, text, type) VALUES (
6,
22,
'2019-09-24 14:00:00',
'Акупунктура (голкотерапія, голковколювання, рефлексотерапія)',
'Акупунктура (голкотерапія, голковколювання, рефлексотерапія) - це метод в основі якого лежить вплив на організм через вколювання голок, прогрівання, натискання (акупресура) на особливі зони, точки.

Це впливає на роботу органів, покращує їх функції, гармонізує нервово-психічні порушення, надає протибольовий , протизапальний ефект, балансує гормональний та імунний статус. Це відбувається за рахунок активації медіаторної системи, стимуляції вироблення біологічно активних речовин, гармонізації нервово-рефлекторних і нейро-гуморальних механізмів.

Під дією голковколювання прекрасно лікуються захворювання запального характеру, больові синдроми, порушення функції органів, відбувається гармонізація організму на всіх рівнях від психіки до системи органів, відбувається психо-нейро-ендокринна регуляція організму.

Перелік захворювань широкий для лікування голковколюванням:

- з боку нервово-психічної сфери: головний біль, запаморочення, синдром хронічної втоми, астенічний синдром, дратівливість, неврастенія, невроз, синдром нав''язливих станів, енурез, заїкання, страх, тривога, панічні атаки, вегетативна дисфункція, психосоматичні порушення, депресія, сонливість, безсоння, синдром неспокійних ніг, судоми в ногах і ін.

- запалення і больові синдроми, ортопедичні проблеми: корінцеві (радикуліти), неврити, невропатії (лицьового, променевого, ліктьового і ін. нервів), невралгії (трійчастого, сідничного нерва, постгерпетична і ін.), тунельні невропатії, епікондиліти, люмбаго і люмбалгії , ішіас, ускладнення остеохондрозу, мязевотонічний синдром, плечолопатковий періартроз (синдром замороженого «frozen» плеча), остеоартрози, плексіти, міозити, артрози, артріти, тендовагініти, міжреберна невралгія та ін.

- з боку серцево-судинної системи: артеріальна гіпертензія, гіпотензія, тахікардія, кардіалгія, соматоформна вегетативна дисфункція (вегето-судинна дистонія, нейроциркуляторна дистонія) і ін.

-з боку дихальної системи: задишка функціонального характеру (почуття неадекватного вдиху, відчуття нестачі повітря), бронхіти, трахеїти, бронхіальна астма (не інфекційна), часто хворіючі на ГРВІ зі зниженим імунітетом і ін.

- з боку травного тракту: гастрити, рефлюкс-езофагіти, відрижка, дуоденіти, коліти, запори, проноси, дискінезії жовчовивідних шляхів, здуття кишечника, синдром подразненого кишечнику та ін.

- з боку сечостатевої сфери: дисменорея, хворобливі, мізерні, рясні менструації,нерегулярні менструації, гормональні порушення, безпліддя, клімактеричний синдром, цистіти, нетримання сечі, сексуальні дисфункції, енурез і ін.

- з боку ЛОР органів: синусіти, риніти, ларингіти, почуття кома в горлі, хронічна закладеність носа, шум або дзвін у вухах, відчуття закладеності у вухах і ін.

Таким чином, дуже широкий спектр захворювань можливо лікувати методом акупунктури. Метод, який не пригнічує організм, а покликаний відновлювати і виліковувати. Дозволяє лікувати пацієнта без використання хімічних засобів, безпечний з точки зору алергічних реакцій, лагідний, там де ніжний організм - у дітей, і там де маса супутніх захворювань - у літніх.

Часто метод ефективний там, де офіційна медицина безсила.',
'ARTICLE');

INSERT INTO comment(user_id, date, text, news_id) VALUES
(19, '2019-10-11 14:30:00', 'Дуже цікава стаття', 6),
(20, '2019-10-11 15:00:00', 'Недавно читав книгу на цю тему. Цікаво', 6),
(21, '2019-10-11 15:30:00', 'Я часто використовую цей метод в роботі', 6);

INSERT INTO news(id, author_id, date, name, text, type) VALUES (
7,
19,
'2019-09-24 18:00:00',
'Гірудотерапія. при яких хворобах ефективно використовувати п''явки?',
'Історія використання п''явок в медицині настільки ж давня, як і сама медицина. По-грецьки п''явка - bdella, а по латині - hirudo.

Цей метод має свої переваги перед іншими. Справа в тому, що п''явка має безліч лікувальних здібностей. Це єдиний живий комплекс, який надає універсальний вплив. На рівні мікросистеми і місцевого кровообігу поліпшується лімфоток, венозна система, капілярне русло. Відбувається корекція глибоких порушень обміну на даній ділянці. На місці постановки п''явок поліпшується венозний відтік крові.

Крім того, гірудотерапія носить назву «гірудорефлексотерапія». Чому так? Тому що з давніх часів у Китаї використовували кровопускання з акупунктурних точок. В даному випадку п''явка проводить кровопускання в рефлексогенній зоні (точці).

Цей організм є унікальним: у нього п''ять пар очей, він гермафродит, вловлює інфрачервоні промені, відчуває біоелектричні зони. Тому часто п''явки самі знаходять патогенні і проблемні місця на тілі людини, і виступають в якості лікаря цієї зони. Вони відчувають зони з застоєм крові, оскільки ці зони мають інше біоелектричний випромінювання, яке їх притягує.

Процес постановки п''явок має кілька етапів: спочатку, коли вона тільки присмоктується, протягом 5 -10 хв вона адаптується, потім починається фаза активного насичення кров''ю, який триває 40 -60 хв. Далі є кілька варіантів: одні фахівці вважають, що цього часу достатньо, і їх примусово від''єднують від тіла. Інші ж стверджують, що найкращий ефект - коли вона сама відпадає, наситившись. Наступний етап - це крововтрата після того, як п''явка вже відпала. Протягом декількох годин ще триває підтікання з ранки, яка теж є лікувальною. Загальний обсяг втрати крові за процедуру є фізіологічним і не має шкідливого впливу на організм.

Що ж відбувається? На механічному рівні відбувається розвантаження регіонального кровотоку, підвищення локального дренажу над органами, утворення додаткових шунтів в місцях, де потрібен відтік, розблокування застійних ділянок.

Крім того, загальновідомий той факт, що слина п''явки має багатий склад. Найбільш вивченим і дієвим компонентом вважають гірудин. Ця речовина розріджує кров, тобто п''явка проявляє системний гіпокоагуляціонний вплив. Доведено, що в її слині міститься більше 150 біологічно активних компонентів, але найбільш вивчені з них близько 20. Перші 10 хвилин під час насичення кров''ю вона їх віддає найбільш активно, потім вони потрапляють в кров в менших обсягах. На цьому ґрунтується метод по Буладзе, який вважав, що п''явку можна знімати через 5 - 10 хвилин, і цього достатньо.
Ефект від гірудотерапії зберігається до півроку за рахунок пригнічення тромбіну, який впливає на агрегацію тромбоцитів, тобто їх склеювання. Зв''язування тромбіну гальмує процес згортання крові. Дестабілаза зменшує утворення фібринових згустків, що відкладаються в атеросклеротичних бляшках і є причиною застою крові і утворення тромбів. Завдяки цьому можна говорити про антиатеросклеротичну дію п''явок. Так звані Делін і Еглін - це фракція речовин, які проявляють протимікробну дію і діють за принципом антибіотиків. Також відомо, що кров, яка перебуває всередині самої п''явки, є практично стерильною завдяки цим речовинам.

Речовини гіулуролідаза і лидаза входять до складу капсул тканин, завдяки яким підвищується тканинна проникність. В результаті цього краще проникає кисень і всі біологічно активні речовини. Фібринолізину знижують спайкові процеси, служать інфільтратами після ін''єкцій, після запальних процесів в маткових трубах, черевної порожнини, знижують процеси утворення рубців. Ще один механізм дії п''явки – міостимулюючий. Завдяки механічному посиленню відтоку через лімфатичну систему відбувається дренаж лімфовузлів і активація росту стовбурових клітин. Активація лейкопоезу, гемопоезу, фагоцитарна активність макрофагів також зростає. Доведено, що при гірудотерапії виділяється інтерлейкін 1. Під час сеансу відбувається незначне підвищення температури тіла, що є ентогенно-пірогенним чинником, що сприяє виділенню інтерферону. Також виділення гістаміну і серотоніну в місцях присмоктування п''явок підвищує мікроциркуляцію і судинну проникність.

Ліполітичні фактори слини п''явки в свою чергу впливають на атеросклероз і рівень холестерину в крові. Відбувається нормалізація співвідношення фракцій ліпідів крові. У п''явки присутні такі фактори, як цитокін і низькомолекулярні білкові речовини, які надають позитивний ефект на ріст судин і нервової тканини. Це призводить до поліпшення репаративної дії і відновленню тканин; часто п''явки ставлять безпосередньо в осередок виразок, запалень, після хірургічних втручань. Наприклад, в офтальмології після операції постановка п''явок на зону навколо очей дозволяє пройти післяопераційний період без ускладнень і запальних процесів. Якщо все це підсумувати, можна сказати, що п''явки виявляють спазмолітичну, антигіпоксичну, гіпотензивну, протинабрякову, знеболюючу, протизапальну, антиатеросклеротичну, ліполітичну, імуностимулюючу, бактеріостатичну і бактерицидну дію. При постановці їх над проекцією печінки відбувається дезинтоксикация і активація печінки, і жовчовивідної системи, спостерігається жовчогінна дія. Коли п''явки ставляться над проекцією нирок, спостерігається сечогінна дія, діуретичний ефект. Доведено, що після гірудотерапії сеча стає каламутною через підвищене виведення солей.

Величезну роль в гірудотерапії грає не тільки сама п''явка, але і місце (точка) її постановки. Одні з найпопулярніших точок - це точки за вухами, які знижують артеріальний тиск, покращують слух і кровообіг головного мозку. При постановці п''явки на проекції крижів поліпшується місцеве і регіональне кровопостачання в органах малого таза. Особливо це актуально людям зі схильністю до застою венозної крові саме в цій області, а також пацієнтам з варикозної хворобою нижніх кінцівок, геморой, запальними процесами сечостатевої системи, безпліддям. Гірудотерапія допомагає вирішити різні проблеми, що стосуються хребта, позбавити від болю в шийному, грудному, поперековому відділах. Доведено, що больові синдроми часто пов''язані з венозним повнокрів*ям, і в таких випадках п''явка проявляє знеболюючий, дренажний, діуретичний ефект. Це, в свою чергу, призводить до відновлення тканин і зменшення больового синдрому.

Перед початком лікування потрібно знати такі показники крові: як згортання, рівень еритроцитів, гематокрит, гемоглобін. Спеціаліст по гірудотерапії повинен поцікавитися станом сечовивідної системи на предмет каменів і піску. Так лікар може більш коректно почати ефективне лікування.

Також доведена користь лікування п''явками при порушенні обмінних процесів, цукровому діабеті, синдромі Рейно. Загальновідомий факт, що постановка п''явки на зону травми, гематоми, набряку після розтягнень має позитивний вплив на процес відновлення. Гірудотерапія допоможе і при серцево-судинних хворобах: гіпертонії, ішемії, стенокардії, передінфарктному стані, після інфарктів, при серцевій недостатності, міокардитах, гіпертрофії, трофічних виразках. За допомогою п''явок успішно лікуються захворювання дихальної системи: пневмонії, бронхіти, бронхіальна астма, а також хвороби шлунково-кишкового тракту: гастрити, гастродуоденіти, рубці шлунка після виразкової хвороби, симптом роздратованого кишечника, запори, цироз печінки. У класичній хірургії гірудотерапія використовується для поліпшення харчування і приживлення тканин, зняття набряків, профілактики спайок і прискорення відновлення в післяопераційний період.

П''явки успішно застосовуються в урології при хронічному пієлонефриті, кісті нирок, паранефриті, парауретриті, хронічному простатиті, аденомі простати, чоловічому безплідді, гідроції. Також їх використовують при хворобах опорно-рухового апарату: всіх видах травм, остеохондрозах, грижах, невритах, периферичних невритах, інсультах, мігрені. У ЛОР-патології з допомогою цього методу успішно лікується неврит слухового нерва, отосклероз, стареча туговухість, гайморити, синусити. В офтальмології гірудотерапія зарекомендувала себе при лікуванні іридоциклітів, глаукомі, катаракті, пiсля оперативних станах. У дерматології п''явки застосовують при екземі, псоріазі, склеродермії, очаговом нейродерміті. Відомі факти застосування п''явок в стоматології: їх ставлять на ясна, і завдяки цьому вдається зменшити прояви пародонтозу. Успішно лікуються за допомогою цього методу стоматити, автозні стоматити. П''явки застосовують для лікування всіх запальних захворювань придатків гінекології: аднексити, фіброміоми, ендометріоз, клімактеричні порушення, бартолініт, альгодезменорея.

Але є і абсолютні протипоказання до гірудотерапії: це захворювання крові, пов''язані з підвищенням згортання крові, гемофілія, геморагічний діатез. Відносні протипоказання - онкологія, вагітність, туберкульоз, психічні хвороби, гострий гепатит, виразкова хвороба з кровотечею',
'ARTICLE');

INSERT INTO comment(user_id, date, text, news_id) VALUES
(19, '2019-09-25 11:30:00', 'Як вам стаття?', 7),
(20, '2019-10-11 12:00:00', 'Недавно читав книгу на цю тему', 7),
(25, '2019-10-11 13:30:00', 'П''явки - це тема, яку згадують не часто. Дякую за статтю', 7);

INSERT INTO news(id, author_id, date, name, text, type) VALUES (
8,
22,
'2019-09-25 14:00:00',
'Хірургічні втручання при стенозі поперекового відділу хребта',
'Пізні прояви дегенеративних процесів в поперековому відділі хребта на відміну від клінічних проявів у початкових стадіях захворювання, характеризуються мієлопатією і мієлорадикулопатією. Розвитку мієлорадикулопатії сприяє звуження або стеноз хребетного каналу. Існує термін «поперековий стеноз» для позначення будь-якого типу звуження хребетного каналу або міжхребцевого, «поперековий стеноз» є клініко-анатомічним синдромом, клінічно проявляється синдромом «нейрогенної переміжної кульгавості».В даний час звуження хребетного каналу, що викликає таке утворення, як грижі дисків і секвестри, зазвичай не стосуються стенозу. Стенозом називають тривалий хронічний процес, що веде до звуження хребетного каналу. Зазвичай цей процес обумовлений наявністю щільних, просочених солями кальцію гриж дисків, зв''язок, остеофітів, а також гіпертрофією міжхребцевих суглобів за рахунок хронічного травмування, запалення. При стенозі хребтового або корінцевого каналу місткість кістково-фіброзного футляра хребта не відповідає вмісту в ньому нервово-судинних утворень, таким чином наростає хронічна ситуація стискання, порушення крово- і лікворообігу, спостерігається механічний вплив на нервові структури, що проявляється своєрідною клінічною картиною. У більшості випадків стеноз визначають за ступенем деформації дурального мішка, внутрішнього поперечного розміру каналу хребта (основні методи дослідження - мієлографія, МРТ, комп''ютерна томографія). Якщо ця відстань менше за 12 мм, звуження розцінюють як стеноз хребетного каналу. Найчастішою причиною звуження хребетного каналу є поєднання прогресуючого дистрофічного процесу в межхребтових дисках, суглобах і зв''язках хребта з відносно малою місткістю каналу, зумовленою вродженими або конституціональними особливостями будови хребетного стовпа (тіл і дужок хребців). Стеноз діагностують, за даними різних авторів, у 5-65,2% хворих із довгостроково існуючими дегенеративними процесами в поперековому відділі хребта. З цієї точки зору можна стеноз розглядати як одну з кінцевих стадій дегенеративно-дистрофічних процесів у хребті.

Причини виникнення набутого стенозу різні. Основними причинами є осифіковані грижі міжхребцевих дисків; деформуючий спондилоартроз з гіпертрофією міжхребцевих суглобів і розвитком крайових остеофітів (кісткові розростання) навколо диска; гіпертрофія та осифікація задньої поздовжньої зв''язки (найбільш часто над випавшим секвестром міжхребцевого диска); гіпертрофія та осифікація жовтої зв''язки, хвороба Форестьє (дифузний ідіопатичний гіперостоз ревматоїдної природи); хвороба Бехтерева (анкілозуючий спондилоартроз); спондилолістез дегенеративно-дистрофічного генезу (частіше L3 і L4 хребців); ятрогенний стеноз (утворення субарахноїдальних спайок після введення медикаментів або контрастної речовини в просвіт хребтового каналу, «сталевий стеноз», який розвивається внаслідок впровадження металевих конструкцій у просвіт хребтового або радикулярного каналу; «постламінектомічна фіброзна мембрана»).

Остеохондроз, ускладнений грижею диска, по мірі його прогресування призводить до розвитку сегментарного стенозу хребетного і корінцевого каналів. У стадії нестабільності хребта (хребці сповзають відносно один одного) стеноз є динамічним. Якщо вихідні розміри каналу достатні, то рестабілізація (відновлення правильного розташування) хребетного сегмента ліквідує клінічні прояви. Множинне ураження дисків, суглобів і зв''язок при первинному остеоартрозі у осіб похилого віку призводить до полісегментарного стенозу. Спондилоартроз та бокові грижі дисків обумовлюють виборче стенозування корінцевого каналу. При спондилоартрозі і первинному остеоартрозі ураження виникає, зазвичай, на кількох рівнях. Якщо між зонами стенозу розташовані ділянки нормального хребетного каналу, формується переривчастий стеноз. Поперековий стеноз найчастіше зустрічається на рівні хребців L2–L4.

Сучасна концепція розвитку поперекового стенозу у більшості хворих із дегенеративними процесами пояснює його як результат сегментарної нестабільності. Дегенерація міжхребцевого диска призводить до нестабільності хребетного рухового сегменту, потім - до пошкодження або перерозтягнення суглобових капсул. Нестабільність міжхребцевого диска і суглобових капсул призводить до повної нестабільності хребетного сегмента, яка проявляється постійними рухами між двома хребцями, що перевершують фізіологічні межі. Це веде до перерозтягнення зв''язок, які в нормі обмежують рух (суглобових капсул, задньої поздовжньої зв''язки, жовтих зв''язок). Обмеження такого перерозтягнення відбувається за рахунок осифікації і гіпертрофії зв''язок, утворення остефітів у місцях їх прикріплення, гіпертрофії суглобів. Осифіковані і гіпертрофовані зв''язки, гіпертрофовані суглоби проникають у хребетний канал і міжхребцеві отвори. Виникає їх звуження. Звуження «кісткового кільця» каналу веде до гемодинамічних порушень (ішемії корінців кінського хвоста, локальної венозної та лікворної гіпертензії). Компресія корінців кінського хвоста спинного мозку проявляється рефлекторними порушеннями, морфологічними змінами нервової тканини і неврологічним дефіцитом.

Неврологічні прояви стенозу можуть бути тимчасовими, помірними і вираженими, а також із порушенням провідності спинного мозку або корінців кінського хвоста спинного мозку.

Неврологічні прояви стенозу хребетного каналу залежать від стадії розвитку захворювання. У початковій стадії вони характеризуються переважанням суб''єктивних симптомів у вигляді болю, парестезії, тимчасових рухових порушень. Неврологічні ознаки ураження нервової системи слабко виражені або відсутні. Їх виявляють, зазвичай, лише у пізній стадії захворювання, у зв''язку з розвитком компресійно-ішемічної радикуломієлопатії або навіть синдрому поперечного ураження спинного мозку.

Перше місце за частотою, специфічністю та діагностичною значимістю займає синдром неврогенної переміжної кульгавості, проявляється у більшості хворих незалежно від локалізації стенозу. Основним патогенетичним механізмом цього синдрому, крім зменшення обсягу хребетного каналу і чисто механічного стискання, є тимчасова ішемія спинного мозку або його корінців, що розвивається внаслідок ангіоспазму, венозної та лікворної гіпертензії в хребетному або корінцевому каналі. Ішемія посилюється у вертикальному положенні (в положенні стоячи, під час ходьби). Причиною одного з основних проявів стенозу - загострення симптоматики при русі - є виникаюча під час ходьби сегментарна ротація, призводить до ще більшого звуження стенозованого каналу і погіршення кровопостачання спинного мозку і його елементів. Поява симптомів характерне в положенні стоячи, при ходьбі і розгинанні хребта, а також зменшення їх вираженості при згинанні хребта і нахилі вперед в положенні сидячи навпочіпки.

Найпоширенішою скаргою хворих із поперековим стенозом є постійний біль у попереку, який віддає в одну або обидві нижні кінцівки. Люмбоішіалгія має прогресуючий, ремітуючий перебіг. Біль супроводжується дизестезіями (різноманітні неприємні больові відчуття), відчуттям жару або холоду в кінцівках. У деяких хворих виникає стріляючий біль у нижніх кінцівках, спостерігається короткочасна слабкість у них. У подальшому додається синдром одно- або двосторонньої нейрогенної переміжної кульгавості. Спочатку біль при ході виникає лише в одній нозі (стадія односторонньої переміжної кульгавості). Дифузний характер болю і відсутність об''єктивних симптомів ушкодження корінців дають змогу розцінювати цей стан як переміжну ішіалгію або люмбоішіалгію. У розгорнутій стадії захворювання симптоми переміжної кульгавості стають двосторонніми і часто асиметричними. Збільшується тяжкість і тривалість нападу, приєднується постуральна слабкість у ногах, пацієнти не можуть стояти прямо — ортостатичний або постуральний варіант "переміжної кульгавості кінського хвоста". Іноді інтенсивність болю настільки велика, що змушує хворого не лише зупинитися, а й лягти. Для зменшення кульгавості хворому необхідно прийняти специфічну позу з нахилом тулуба вперед і легким згинанням нижніх кінцівок у тазостегнових суглобах. Постуральний компонент болю обумовлений зміною анатомічних параметрів хребтового каналу при русі. При розгинанні хребта зменшується площа та сагітальний розмір каналу. Розмір міжхребцевого отвору зменшується на 15%. При згинанні збільшується площа і сагітальний розмір хребетного каналу. Розмір міжхребцевого отвору збільшується на 12% порівняно з нейтральним положенням поперекового відділу хребта.

Наявність постійних рухових, рефлекторних або чутливих порушень свідчить про розвиток синдрому компресії кінського хвоста. У міру прогресування захворювання з''являються асиметрична гіпотрофія м''язів, зниження рефлексів, чутливості, гіпестезія полирадикулярного або псевдополіневратичного типу. У пізній стадії захворювання виникають порушення функції тазових органів - нейропатичний сечовий міхур (нетримання сечі та затримки сечовипускання, наявність залишкового об''єму сечі), нетримання калу. Нетримання сечі особливо виражено при ходьбі, після тривалого перебування на ногах або при фізичному навантаженні. Зрідка воно може бути моносимптомом.

Латеральні стенози проявляються больовим корінцевим синдромом. У більшості випадків біль має чітку локалізацію і обмежена зоною корінцевої іннервації. Надалі додаються чуттєві розлади за корінцевим типом. Нерідко біль і порушення чутливості поєднуються з парезами певних груп м''язів і зниженням або випадінням рефлексів. По мірі прогресування захворювання наростають ознаки монорадикулярного дефіциту.

Множинний стеноз корінцевих каналів закономірно призводить до своєрідного синдрому переміжної кульгавості у поєднанні з болючими судомами у великих групах м''язів, в яких, зазвичай, спостерігаються фасцикулярні посмикування, особливо після невеликого фізичного навантаження. Хворобливі судоми - своєрідні, але маловідомі прояви стенозу хребетного каналу. Їх відносять до пароксизмальних порушень функцій периферійних нервів і спинного мозку. Судоми, що захоплюють окремі групи м''язів (наприклад, литкові, підколінні, що приводять до руху м''язи стегна, чотириглаві і сідничні м''язи), при поперековому стенозі можуть бути одно- або двосторонніми, частіше тонічного або тоніко-клонічного характеру. Рідше бувають міоклонії.

Визначають передньозадній і поперечний розміри хребетного каналу, площа поперечного перетину (не менше 100 мм2 на поперековому рівні), товщину жовтої зв''язки (не більше 4-5 мм), висоту (передньозадній розмір) бічного рецесуса (не менше 3 мм). В разі множинних протрузій дисків при стенозі на поперековому рівні при мієлографії в прямій проекції спостерігається так звана картина «осиної талії» і в бічній — «пральної дошки». У діагностиці поперекового стенозу можуть бути використані проби (дозована ходьба). Для кількісної оцінки динаміки симптомів, спричинених стенозом, проводять дослідження на тредміле, а також пробу з перерозгинання хребта. При латералізації симптомів у зв''язку зі звуженням корінцевого каналу додатково роблять нахил в «хворий» бік, через 30-60 сек у хворого виникають типові парастезії, біль, спазми або слабкість у кінцівках. Слід зазначити, що тільки у половини хворих при проведенні гіперекстензійної проби спостерігався синдром переміжної кульгавості.

Вираженість неврологічних порушень за даними електронейроміографії, швидкості проведення імпульсів по нервах нижніх кінцівок.

Сцинтиграфію застосовують для діагностики активного запального процесу в суглобах при спондилоартрозі, хворобі Бехтерева, Форестьє та аутоімунних артритах.

При виборі тактики лікування доцільно користуватися наступним алгоритмом. При відносному стенозі і невираженій неврологічній симптоматиці застосовують консервативне лікування. Призначають нестероїдні протизапальні препарати, дегидратуючи засоби, судинні препарати. Можливо також застосування біостимуляторів.

При відносному стенозі і вираженій неврологічній симптоматиці, зазвичай, показано оперативне втручання.

При абсолютному стенозі обов''язково проводять оперативне втручання. При вирішенні питання проведення оперативного втручання враховують наявність таких проявів, як біль у нижніх кінцівках і рухові порушення при ході.

Моносегментарний стеноз вимагає проведення ламінектомії і фасетектомії на рівні ураженого сегмента. Хворим з односторонніми неврологічними проявами може бути проведена щадна декомпресія з обов''язковою резекцією медіальної частини дуговідрозчастих суглобів і видаленням додаткових м''якотканинних компреміруючих компонентів (протрузій та гриж міжхребцевих дисків, гіпертрофованої жовтої зв''язки, осифікованої задньої поздовжньої зв''язки тощо). Латеральні стенози та обумовлені ними корінцеві синдроми усувають шляхом фасетектомії, форамінотомії.',
'ARTICLE');

INSERT INTO comment(user_id, date, text, news_id) VALUES
(20, '2019-10-25 18:30:00', 'Дуже цікава стаття. Дякую', 8),
(21, '2019-10-11 12:00:00', 'З приводу вмісту цієї статті - дискусії тривають. Але було цікаво почитати', 8),
(26, '2019-10-11 13:30:00', 'Дякую за статтю', 8);

INSERT INTO news(id, author_id, date, name, text, type) VALUES (
9,
19,
'2019-09-26 16:35:00',
'Сучасні методи неврології',
'Пізні прояви дегенеративних процесів в поперековому відділі хребта на відміну від клінічних проявів у початкових стадіях захворювання, характеризуються мієлопатією і мієлорадикулопатією. Розвитку мієлорадикулопатії сприяє звуження або стеноз хребетного каналу. Існує термін «поперековий стеноз» для позначення будь-якого типу звуження хребетного каналу або міжхребцевого, «поперековий стеноз» є клініко-анатомічним синдромом, клінічно проявляється синдромом «нейрогенної переміжної кульгавості».В даний час звуження хребетного каналу, що викликає таке утворення, як грижі дисків і секвестри, зазвичай не стосуються стенозу. Стенозом називають тривалий хронічний процес, що веде до звуження хребетного каналу. Зазвичай цей процес обумовлений наявністю щільних, просочених солями кальцію гриж дисків, зв''язок, остеофітів, а також гіпертрофією міжхребцевих суглобів за рахунок хронічного травмування, запалення. При стенозі хребтового або корінцевого каналу місткість кістково-фіброзного футляра хребта не відповідає вмісту в ньому нервово-судинних утворень, таким чином наростає хронічна ситуація стискання, порушення крово- і лікворообігу, спостерігається механічний вплив на нервові структури, що проявляється своєрідною клінічною картиною. У більшості випадків стеноз визначають за ступенем деформації дурального мішка, внутрішнього поперечного розміру каналу хребта (основні методи дослідження - мієлографія, МРТ, комп''ютерна томографія). Якщо ця відстань менше за 12 мм, звуження розцінюють як стеноз хребетного каналу. Найчастішою причиною звуження хребетного каналу є поєднання прогресуючого дистрофічного процесу в межхребтових дисках, суглобах і зв''язках хребта з відносно малою місткістю каналу, зумовленою вродженими або конституціональними особливостями будови хребетного стовпа (тіл і дужок хребців). Стеноз діагностують, за даними різних авторів, у 5-65,2% хворих із довгостроково існуючими дегенеративними процесами в поперековому відділі хребта. З цієї точки зору можна стеноз розглядати як одну з кінцевих стадій дегенеративно-дистрофічних процесів у хребті.

Причини виникнення набутого стенозу різні. Основними причинами є осифіковані грижі міжхребцевих дисків; деформуючий спондилоартроз з гіпертрофією міжхребцевих суглобів і розвитком крайових остеофітів (кісткові розростання) навколо диска; гіпертрофія та осифікація задньої поздовжньої зв''язки (найбільш часто над випавшим секвестром міжхребцевого диска); гіпертрофія та осифікація жовтої зв''язки, хвороба Форестьє (дифузний ідіопатичний гіперостоз ревматоїдної природи); хвороба Бехтерева (анкілозуючий спондилоартроз); спондилолістез дегенеративно-дистрофічного генезу (частіше L3 і L4 хребців); ятрогенний стеноз (утворення субарахноїдальних спайок після введення медикаментів або контрастної речовини в просвіт хребтового каналу, «сталевий стеноз», який розвивається внаслідок впровадження металевих конструкцій у просвіт хребтового або радикулярного каналу; «постламінектомічна фіброзна мембрана»).

Остеохондроз, ускладнений грижею диска, по мірі його прогресування призводить до розвитку сегментарного стенозу хребетного і корінцевого каналів. У стадії нестабільності хребта (хребці сповзають відносно один одного) стеноз є динамічним. Якщо вихідні розміри каналу достатні, то рестабілізація (відновлення правильного розташування) хребетного сегмента ліквідує клінічні прояви. Множинне ураження дисків, суглобів і зв''язок при первинному остеоартрозі у осіб похилого віку призводить до полісегментарного стенозу. Спондилоартроз та бокові грижі дисків обумовлюють виборче стенозування корінцевого каналу. При спондилоартрозі і первинному остеоартрозі ураження виникає, зазвичай, на кількох рівнях. Якщо між зонами стенозу розташовані ділянки нормального хребетного каналу, формується переривчастий стеноз. Поперековий стеноз найчастіше зустрічається на рівні хребців L2–L4.

Сучасна концепція розвитку поперекового стенозу у більшості хворих із дегенеративними процесами пояснює його як результат сегментарної нестабільності. Дегенерація міжхребцевого диска призводить до нестабільності хребетного рухового сегменту, потім - до пошкодження або перерозтягнення суглобових капсул. Нестабільність міжхребцевого диска і суглобових капсул призводить до повної нестабільності хребетного сегмента, яка проявляється постійними рухами між двома хребцями, що перевершують фізіологічні межі. Це веде до перерозтягнення зв''язок, які в нормі обмежують рух (суглобових капсул, задньої поздовжньої зв''язки, жовтих зв''язок). Обмеження такого перерозтягнення відбувається за рахунок осифікації і гіпертрофії зв''язок, утворення остефітів у місцях їх прикріплення, гіпертрофії суглобів. Осифіковані і гіпертрофовані зв''язки, гіпертрофовані суглоби проникають у хребетний канал і міжхребцеві отвори. Виникає їх звуження. Звуження «кісткового кільця» каналу веде до гемодинамічних порушень (ішемії корінців кінського хвоста, локальної венозної та лікворної гіпертензії). Компресія корінців кінського хвоста спинного мозку проявляється рефлекторними порушеннями, морфологічними змінами нервової тканини і неврологічним дефіцитом.

Неврологічні прояви стенозу можуть бути тимчасовими, помірними і вираженими, а також із порушенням провідності спинного мозку або корінців кінського хвоста спинного мозку.

Неврологічні прояви стенозу хребетного каналу залежать від стадії розвитку захворювання. У початковій стадії вони характеризуються переважанням суб''єктивних симптомів у вигляді болю, парестезії, тимчасових рухових порушень. Неврологічні ознаки ураження нервової системи слабко виражені або відсутні. Їх виявляють, зазвичай, лише у пізній стадії захворювання, у зв''язку з розвитком компресійно-ішемічної радикуломієлопатії або навіть синдрому поперечного ураження спинного мозку.

Перше місце за частотою, специфічністю та діагностичною значимістю займає синдром неврогенної переміжної кульгавості, проявляється у більшості хворих незалежно від локалізації стенозу. Основним патогенетичним механізмом цього синдрому, крім зменшення обсягу хребетного каналу і чисто механічного стискання, є тимчасова ішемія спинного мозку або його корінців, що розвивається внаслідок ангіоспазму, венозної та лікворної гіпертензії в хребетному або корінцевому каналі. Ішемія посилюється у вертикальному положенні (в положенні стоячи, під час ходьби). Причиною одного з основних проявів стенозу - загострення симптоматики при русі - є виникаюча під час ходьби сегментарна ротація, призводить до ще більшого звуження стенозованого каналу і погіршення кровопостачання спинного мозку і його елементів. Поява симптомів характерне в положенні стоячи, при ходьбі і розгинанні хребта, а також зменшення їх вираженості при згинанні хребта і нахилі вперед в положенні сидячи навпочіпки.

Найпоширенішою скаргою хворих із поперековим стенозом є постійний біль у попереку, який віддає в одну або обидві нижні кінцівки. Люмбоішіалгія має прогресуючий, ремітуючий перебіг. Біль супроводжується дизестезіями (різноманітні неприємні больові відчуття), відчуттям жару або холоду в кінцівках. У деяких хворих виникає стріляючий біль у нижніх кінцівках, спостерігається короткочасна слабкість у них. У подальшому додається синдром одно- або двосторонньої нейрогенної переміжної кульгавості. Спочатку біль при ході виникає лише в одній нозі (стадія односторонньої переміжної кульгавості). Дифузний характер болю і відсутність об''єктивних симптомів ушкодження корінців дають змогу розцінювати цей стан як переміжну ішіалгію або люмбоішіалгію. У розгорнутій стадії захворювання симптоми переміжної кульгавості стають двосторонніми і часто асиметричними. Збільшується тяжкість і тривалість нападу, приєднується постуральна слабкість у ногах, пацієнти не можуть стояти прямо — ортостатичний або постуральний варіант "переміжної кульгавості кінського хвоста". Іноді інтенсивність болю настільки велика, що змушує хворого не лише зупинитися, а й лягти. Для зменшення кульгавості хворому необхідно прийняти специфічну позу з нахилом тулуба вперед і легким згинанням нижніх кінцівок у тазостегнових суглобах. Постуральний компонент болю обумовлений зміною анатомічних параметрів хребтового каналу при русі. При розгинанні хребта зменшується площа та сагітальний розмір каналу. Розмір міжхребцевого отвору зменшується на 15%. При згинанні збільшується площа і сагітальний розмір хребетного каналу. Розмір міжхребцевого отвору збільшується на 12% порівняно з нейтральним положенням поперекового відділу хребта.

Наявність постійних рухових, рефлекторних або чутливих порушень свідчить про розвиток синдрому компресії кінського хвоста. У міру прогресування захворювання з''являються асиметрична гіпотрофія м''язів, зниження рефлексів, чутливості, гіпестезія полирадикулярного або псевдополіневратичного типу. У пізній стадії захворювання виникають порушення функції тазових органів - нейропатичний сечовий міхур (нетримання сечі та затримки сечовипускання, наявність залишкового об''єму сечі), нетримання калу. Нетримання сечі особливо виражено при ходьбі, після тривалого перебування на ногах або при фізичному навантаженні. Зрідка воно може бути моносимптомом.

Латеральні стенози проявляються больовим корінцевим синдромом. У більшості випадків біль має чітку локалізацію і обмежена зоною корінцевої іннервації. Надалі додаються чуттєві розлади за корінцевим типом. Нерідко біль і порушення чутливості поєднуються з парезами певних груп м''язів і зниженням або випадінням рефлексів. По мірі прогресування захворювання наростають ознаки монорадикулярного дефіциту.

Множинний стеноз корінцевих каналів закономірно призводить до своєрідного синдрому переміжної кульгавості у поєднанні з болючими судомами у великих групах м''язів, в яких, зазвичай, спостерігаються фасцикулярні посмикування, особливо після невеликого фізичного навантаження. Хворобливі судоми - своєрідні, але маловідомі прояви стенозу хребетного каналу. Їх відносять до пароксизмальних порушень функцій периферійних нервів і спинного мозку. Судоми, що захоплюють окремі групи м''язів (наприклад, литкові, підколінні, що приводять до руху м''язи стегна, чотириглаві і сідничні м''язи), при поперековому стенозі можуть бути одно- або двосторонніми, частіше тонічного або тоніко-клонічного характеру. Рідше бувають міоклонії.

Визначають передньозадній і поперечний розміри хребетного каналу, площа поперечного перетину (не менше 100 мм2 на поперековому рівні), товщину жовтої зв''язки (не більше 4-5 мм), висоту (передньозадній розмір) бічного рецесуса (не менше 3 мм). В разі множинних протрузій дисків при стенозі на поперековому рівні при мієлографії в прямій проекції спостерігається так звана картина «осиної талії» і в бічній — «пральної дошки». У діагностиці поперекового стенозу можуть бути використані проби (дозована ходьба). Для кількісної оцінки динаміки симптомів, спричинених стенозом, проводять дослідження на тредміле, а також пробу з перерозгинання хребта. При латералізації симптомів у зв''язку зі звуженням корінцевого каналу додатково роблять нахил в «хворий» бік, через 30-60 сек у хворого виникають типові парастезії, біль, спазми або слабкість у кінцівках. Слід зазначити, що тільки у половини хворих при проведенні гіперекстензійної проби спостерігався синдром переміжної кульгавості.

Вираженість неврологічних порушень за даними електронейроміографії, швидкості проведення імпульсів по нервах нижніх кінцівок.

Сцинтиграфію застосовують для діагностики активного запального процесу в суглобах при спондилоартрозі, хворобі Бехтерева, Форестьє та аутоімунних артритах.

При виборі тактики лікування доцільно користуватися наступним алгоритмом. При відносному стенозі і невираженій неврологічній симптоматиці застосовують консервативне лікування. Призначають нестероїдні протизапальні препарати, дегидратуючи засоби, судинні препарати. Можливо також застосування біостимуляторів.

При відносному стенозі і вираженій неврологічній симптоматиці, зазвичай, показано оперативне втручання.

При абсолютному стенозі обов''язково проводять оперативне втручання. При вирішенні питання проведення оперативного втручання враховують наявність таких проявів, як біль у нижніх кінцівках і рухові порушення при ході.

Моносегментарний стеноз вимагає проведення ламінектомії і фасетектомії на рівні ураженого сегмента. Хворим з односторонніми неврологічними проявами може бути проведена щадна декомпресія з обов''язковою резекцією медіальної частини дуговідрозчастих суглобів і видаленням додаткових м''якотканинних компреміруючих компонентів (протрузій та гриж міжхребцевих дисків, гіпертрофованої жовтої зв''язки, осифікованої задньої поздовжньої зв''язки тощо). Латеральні стенози та обумовлені ними корінцеві синдроми усувають шляхом фасетектомії, форамінотомії.',
'ARTICLE');

INSERT INTO comment(user_id, date, text, news_id) VALUES
(20, '2019-10-27 16:30:00', 'Дуже цікава стаття. Дякую', 9),
(26, '2019-10-11 13:30:00', 'Дякую за статтю', 9);

INSERT INTO news(id, author_id, date, name, text, type) VALUES (
10,
22,
'2019-09-29 16:27:00',
'Застосування рефлексотерапії для лікування синдрому рейно та герпетичної інфекції',
'Простий герпес - вірусне захворювання з характерним висипанням згрупованих пухирців на шкірі та слизових оболонках. Викликається герпесвірусами двох видів: HSV-1 та HSV - 2. Найчастіше зустрічається лабіальна (губна) форма інфекції, яка являє собою групу скупчених пухирців з прозорим вмістом на основі запалення. Появі пухирців передує свербіж, печіння шкіри, іноді пропасниця, загальне нездужання, головний біль. Симптоми, зазвичай, тривають упродовж 10 днів та проходять стадії від запалення та відкритих виразок до кіркоутворення.

Хотілося б поділитися достатня яскравим досвідом у лікуванні даної патології, симптоми якої повністю регресували за 2 дні за допомогою голкорефлексотерапії.

Пацієнтка, 72 роки скаржилась на виражений свербіж, набряк, біль, почервоніння ділянки над верхньою губою зліва, виражену загальну слабкість, головний біль, які виникли день тому. Об єктивно – виражений набряк, герпетичні пухирці над верхньою губою зліва.

1 сеанс – були взяті точки каналу товстого кишківника Gi4, Gi10, Gi11 симетрично з двох сторін та додано P7 праворуч. Тривалість сеансу – 40 хв.

Під час сеансу вінік набряк передпліччя правої руки по ходу каналу легенів від Р7 до P6 на фоні зменшення набряку губи та зменшення загальних симптомів (свербежу, печіння, болю).

2 сеанс – застосовано метод балансу на каналі селезінки - підшлункової залози (2 та 5 рівні дії): RP2, RP5, MC5, TR2, TR6, E41, E44 – сеанс проводився рано вранці, тривалість – 60 хв, а ввечері від герпесу залишився лише рубець, який, як відмічала пацієнтка, формувався у неї тільки на 10 день.

Синдром Рейно - характеризується спазмом периферичних судин кінцівок під впливом холоду або психоемоційного напруження. В даному випадку у пацієнтки 41 р. причиною даного симптомокомплеку була вертеброгенна патологія.

З анамнезу – перші симптоми з''єднання явилися 15 років тому, весь цей час пацієнтка не лікувалась, об єктивно – кисті холодні, пальці кистей - червоно-синього, періодично - біло-синього кольору.

На фоні судинної та гомеопатичної терапії булі проведені два курси голкорефлексотерапії та прогрівання полинними сигарами.

1-й курс складався з 10 сеансів і включав у собі класичну голкорефлексотерапію з дією на точки каналу трійного обігрівача в більшій мірі – TR5, TR8, TR3, TR4, а також T14, V60, IG3 та ін. Проводилося активні прогрівання точок VB 39; TR8, посібників слов''янських каналів руки. Після першого сеансу вперше за 15 років виникло відчуття тепла в кистях. Колір також змінився: середні фаланги пальців стали нормального рожевого кольору. Під час курсу лікування також проводилася фармакопунктура препаратами Дискус композитум, Траумель, Церебрум композитум та ін. 1 раз через 3 дні масаж шийно-комірної зони.

2-й курс складався з 7 сеансів, перерва між курсами становила 6 місяців. Окрім вищевказаних точок, до схеми лікування були включені точки канал жень-май, на які теж була застосована подвійна дія - голкорефлексотерапія та тривале до 10 хв прогрівання.

Після курсів лікування колір кісток відновився до рожевого, але періодично на сильне холодове подразнення залишилася реакція у вигляді лише незначного похолодіння кінцівок. Були рекомендовані повторні курси терапії.',
'ARTICLE');

INSERT INTO comment(user_id, date, text, news_id) VALUES
(20, '2019-10-11 16:30:00', 'Дуже цікава стаття. Дякую', 10),
(26, '2019-10-11 13:30:00', 'Дякую за статтю', 10);

INSERT INTO hibernate_sequence (next_val) VALUE (100);